{"accuracy": [0.6458333134651184, 0.9583333134651184, 0.9791666865348816, 1.0, 0.9791666865348816, 1.0, 1.0, 1.0, 1.0, 1.0, 0.9583333134651184, 0.9791666865348816, 0.9791666865348816, 1.0, 0.9791666865348816, 0.9791666865348816, 0.9583333134651184, 1.0, 1.0, 0.9791666865348816, 1.0, 1.0, 1.0, 1.0, 1.0, 1.0, 1.0, 1.0, 1.0, 1.0, 0.9791666865348816, 1.0, 1.0, 1.0, 1.0, 1.0, 1.0, 1.0, 1.0, 1.0, 1.0, 1.0, 1.0, 1.0, 1.0, 1.0, 1.0, 1.0, 1.0, 1.0, 1.0, 1.0, 1.0, 1.0, 1.0, 1.0, 1.0, 1.0, 1.0, 1.0, 1.0, 1.0, 1.0, 1.0, 1.0, 1.0, 1.0, 1.0, 1.0, 1.0, 1.0, 1.0, 0.9791666865348816, 1.0, 1.0], "val_accuracy": [1.0, 0.8571428656578064, 1.0, 1.0, 1.0, 1.0, 1.0, 1.0, 1.0, 1.0, 1.0, 1.0, 1.0, 1.0, 1.0, 1.0, 1.0, 1.0, 1.0, 1.0, 1.0, 1.0, 1.0, 1.0, 1.0, 1.0, 1.0, 1.0, 1.0, 1.0, 1.0, 1.0, 1.0, 1.0, 1.0, 1.0, 1.0, 1.0, 1.0, 1.0, 1.0, 1.0, 1.0, 1.0, 1.0, 1.0, 1.0, 1.0, 1.0, 1.0, 1.0, 1.0, 1.0, 1.0, 1.0, 1.0, 1.0, 1.0, 1.0, 1.0, 1.0, 1.0, 1.0, 1.0, 1.0, 1.0, 1.0, 1.0, 1.0, 1.0, 1.0, 1.0, 1.0, 1.0, 1.0], "loss": [1.5767335891723633, 0.2858947813510895, 0.17976295948028564, 0.12486308813095093, 0.1263781189918518, 0.10912305116653442, 0.1083754226565361, 0.11047664284706116, 0.1083441749215126, 0.1061968132853508, 0.23191876709461212, 0.181759774684906, 0.19489561021327972, 0.1429717093706131, 0.20348192751407623, 0.1636763960123062, 0.18440355360507965, 0.11504586786031723, 0.12728962302207947, 0.1368698924779892, 0.12961320579051971, 0.1092301681637764, 0.10655059665441513, 0.11109677702188492, 0.10602854937314987, 0.10822347551584244, 0.1070277988910675, 0.11037522554397583, 0.1121911108493805, 0.12508946657180786, 0.16761814057826996, 0.11064042896032333, 0.10564932972192764, 0.11082858592271805, 0.10748419165611267, 0.10640233755111694, 0.10989891737699509, 0.1146245226264, 0.10456671565771103, 0.11088816076517105, 0.1111559346318245, 0.1055426374077797, 0.1104285791516304, 0.10643131285905838, 0.1052229031920433, 0.10458431392908096, 0.10807762295007706, 0.1071007251739502, 0.14141042530536652, 0.1126871332526207, 0.10537248849868774, 0.11108336597681046, 0.1210193857550621, 0.10693210363388062, 0.10739163309335709, 0.1041840985417366, 0.11694986373186111, 0.10474091023206711, 0.10543163865804672, 0.10490994900465012, 0.10402125120162964, 0.1088988184928894, 0.1097240224480629, 0.10399982333183289, 0.10499096661806107, 0.10417169332504272, 0.10516902804374695, 0.10685888677835464, 0.10374048352241516, 0.1036609634757042, 0.10375738888978958, 0.10465999692678452, 0.14082984626293182, 0.10531336069107056, 0.10450107604265213], "val_loss": [0.1470451056957245, 0.5475200414657593, 0.1312606930732727, 0.11255254596471786, 0.11152809858322144, 0.11523889750242233, 0.15508176386356354, 0.1075328066945076, 0.1063438281416893, 0.10566858947277069, 0.10561481863260269, 0.10599440336227417, 0.10552685707807541, 0.10550044476985931, 0.10543038696050644, 0.10753267258405685, 0.10537340492010117, 0.10527503490447998, 0.10523053258657455, 0.1051761731505394, 0.1052113026380539, 0.1050904393196106, 0.10674077272415161, 0.10500208288431168, 0.10501720756292343, 0.10491009056568146, 0.10486161708831787, 0.10653289407491684, 0.10479692369699478, 0.10472621768712997, 0.10468534380197525, 0.1046459898352623, 0.10460425913333893, 0.10456769913434982, 0.10452224314212799, 0.10451357811689377, 0.10444171726703644, 0.10440631955862045, 0.10651672631502151, 0.10431911051273346, 0.10429898649454117, 0.10427724570035934, 0.10422395914793015, 0.1041770800948143, 0.10414794832468033, 0.10412591695785522, 0.10406071692705154, 0.10402552038431168, 0.10399440675973892, 0.10396764427423477, 0.10392268747091293, 0.10388823598623276, 0.10680270195007324, 0.10382076352834702, 0.10378565639257431, 0.10376902669668198, 0.1037195697426796, 0.1036895364522934, 0.10366128385066986, 0.1036207303404808, 0.10661003738641739, 0.10356227308511734, 0.10639715194702148, 0.1035146564245224, 0.10347723215818405, 0.10344259440898895, 0.1034112200140953, 0.10595603287220001, 0.10335103422403336, 0.10332130640745163, 0.1032959371805191, 0.10568626970052719, 0.10324065387248993, 0.10321704298257828, 0.10548119992017746], "initial_epochs": 10}