{"accuracy": [0.375, 0.6499999761581421, 0.9375, 0.949999988079071, 0.925000011920929, 1.0, 1.0, 0.987500011920929, 1.0, 1.0, 0.987500011920929, 0.9624999761581421, 0.9624999761581421, 0.987500011920929, 1.0, 1.0, 1.0], "val_accuracy": [0.7941176295280457, 0.7058823704719543, 0.8823529481887817, 0.970588207244873, 0.970588207244873, 1.0, 1.0, 1.0, 1.0, 1.0, 1.0, 1.0, 1.0, 1.0, 1.0, 1.0, 1.0], "loss": [1.7124335765838623, 0.8910297155380249, 0.42057257890701294, 0.29788947105407715, 0.23778021335601807, 0.11647288501262665, 0.08713170140981674, 0.11448754370212555, 0.0641983300447464, 0.07532691955566406, 0.13708241283893585, 0.2943078279495239, 0.1372024416923523, 0.11684805154800415, 0.07677159458398819, 0.06979793310165405, 0.07293097674846649], "val_loss": [0.8402499556541443, 0.7019733786582947, 0.45485377311706543, 0.2611531913280487, 0.20174436271190643, 0.13428817689418793, 0.105166494846344, 0.11103598028421402, 0.10359419882297516, 0.05600079894065857, 0.08420656621456146, 0.04905990883708, 0.06519211828708649, 0.0541466549038887, 0.05942618101835251, 0.07072105258703232, 0.06948629766702652], "initial_epochs": 10}