{"accuracy": [0.515625, 0.96875, 0.984375, 1.0, 1.0, 1.0, 1.0, 1.0, 1.0, 1.0, 0.84375, 0.921875, 0.96875, 0.9375, 0.9375, 0.984375, 0.984375, 0.953125, 1.0, 1.0, 1.0, 1.0, 1.0, 1.0, 1.0], "val_accuracy": [0.6363636255264282, 1.0, 0.9090909361839294, 1.0, 1.0, 1.0, 1.0, 1.0, 1.0, 1.0, 1.0, 1.0, 1.0, 1.0, 1.0, 1.0, 1.0, 1.0, 1.0, 1.0, 1.0, 1.0, 1.0, 1.0, 1.0], "loss": [2.280395269393921, 0.2210969179868698, 0.19422844052314758, 0.13195638358592987, 0.12159992754459381, 0.11423353105783463, 0.11614851653575897, 0.11016546934843063, 0.10963547974824905, 0.10782983899116516, 0.45349591970443726, 0.36495518684387207, 0.19464293122291565, 0.24844065308570862, 0.30006325244903564, 0.17654326558113098, 0.1813749074935913, 0.19572505354881287, 0.16494815051555634, 0.13480249047279358, 0.13829214870929718, 0.1378520280122757, 0.12969085574150085, 0.13593880832195282, 0.11673762649297714], "val_loss": [0.8557603359222412, 0.1509425938129425, 0.3151509463787079, 0.19615674018859863, 0.11651498824357986, 0.1153179407119751, 0.11972642689943314, 0.10967785865068436, 0.10809468477964401, 0.10807737708091736, 0.11376252770423889, 0.12422099709510803, 0.11006893962621689, 0.11088554561138153, 0.10794412344694138, 0.10706590861082077, 0.10762131214141846, 0.10746438056230545, 0.10680384188890457, 0.10678387433290482, 0.10914242267608643, 0.1069728434085846, 0.11697137355804443, 0.10797367244958878, 0.10761416703462601], "initial_epochs": 10}