{"accuracy": [0.8125, 1.0, 1.0, 1.0, 1.0, 1.0], "loss": [0.6074122190475464, 0.004544301889836788, 0.00419614976271987, 0.0007979704532772303, 0.0008697204757481813, 4.325074769440107e-05], "val_accuracy": [1.0, 1.0, 1.0, 1.0, 1.0, 1.0], "val_loss": [0.013825015164911747, 0.0, 0.0, 9.679325739853084e-05, 0.01800842024385929, 0.0]}